{"cameraMode":{"drawMode":0,"name":"Shaded","section":"Shading Mode"},"sceneLighting":false,"audioPlay":false,"sceneViewState":{"showFog":false,"showMaterialUpdate":false,"showSkybox":false,"showFlares":false,"showImageEffects":false,"showParticleSystems":false},"in2DMode":false,"pivot":{"x":6.195686340332031,"y":-11.889472961425782,"z":-14.003890991210938},"rotation":{"x":-0.32811248302459719,"y":0.4995420277118683,"z":-0.21197837591171266,"w":-0.7732173800468445},"size":179.3187713623047,"orthographic":false}