{"cameraMode":{"drawMode":0,"name":"Shaded","section":"Shading Mode"},"sceneLighting":false,"audioPlay":false,"sceneViewState":{"showFog":false,"showMaterialUpdate":false,"showSkybox":false,"showFlares":false,"showImageEffects":false,"showParticleSystems":false},"in2DMode":false,"pivot":{"x":-452.6484375,"y":-183.05776977539063,"z":36.83879089355469},"rotation":{"x":-0.13951878249645234,"y":0.6618720293045044,"z":-0.12728898227214814,"w":-0.7254360914230347},"size":628.9275512695313,"orthographic":false}